job_id,listing_id,campus_id,travel_mode,departure_time_local,request_status,is_mock
cjob_001,lst_001,campus_ubc_vancouver,TRANSIT,2026-10-06T08:30:00-07:00,pending,true
cjob_002,lst_001,campus_ubc_vancouver,DRIVE,2026-10-06T08:30:00-07:00,pending,true
cjob_003,lst_001,campus_ubc_vancouver,BICYCLE,2026-10-06T08:30:00-07:00,pending,true
cjob_004,lst_002,campus_ubc_vancouver,TRANSIT,2026-10-06T08:30:00-07:00,pending,true
cjob_005,lst_002,campus_ubc_vancouver,DRIVE,2026-10-06T08:30:00-07:00,pending,true
cjob_006,lst_002,campus_ubc_vancouver,BICYCLE,2026-10-06T08:30:00-07:00,pending,true
cjob_007,lst_003,campus_ubc_vancouver,TRANSIT,2026-10-06T08:30:00-07:00,pending,true
cjob_008,lst_003,campus_ubc_vancouver,DRIVE,2026-10-06T08:30:00-07:00,pending,true
cjob_009,lst_003,campus_ubc_vancouver,BICYCLE,2026-10-06T08:30:00-07:00,pending,true
cjob_010,lst_004,campus_ubc_vancouver,TRANSIT,2026-10-06T08:30:00-07:00,pending,true
cjob_011,lst_004,campus_ubc_vancouver,DRIVE,2026-10-06T08:30:00-07:00,pending,true
cjob_012,lst_004,campus_ubc_vancouver,BICYCLE,2026-10-06T08:30:00-07:00,pending,true
cjob_013,lst_005,campus_ubc_vancouver,TRANSIT,2026-10-06T08:30:00-07:00,pending,true
cjob_014,lst_005,campus_ubc_vancouver,DRIVE,2026-10-06T08:30:00-07:00,pending,true
cjob_015,lst_005,campus_ubc_vancouver,BICYCLE,2026-10-06T08:30:00-07:00,pending,true
cjob_016,lst_006,campus_ubc_vancouver,TRANSIT,2026-10-06T08:30:00-07:00,pending,true
cjob_017,lst_006,campus_ubc_vancouver,DRIVE,2026-10-06T08:30:00-07:00,pending,true
cjob_018,lst_006,campus_ubc_vancouver,BICYCLE,2026-10-06T08:30:00-07:00,pending,true
cjob_019,lst_007,campus_ubc_vancouver,TRANSIT,2026-10-06T08:30:00-07:00,pending,true
cjob_020,lst_007,campus_ubc_vancouver,DRIVE,2026-10-06T08:30:00-07:00,pending,true
cjob_021,lst_007,campus_ubc_vancouver,BICYCLE,2026-10-06T08:30:00-07:00,pending,true
cjob_022,lst_008,campus_ubc_vancouver,TRANSIT,2026-10-06T08:30:00-07:00,pending,true
cjob_023,lst_008,campus_ubc_vancouver,DRIVE,2026-10-06T08:30:00-07:00,pending,true
cjob_024,lst_008,campus_ubc_vancouver,BICYCLE,2026-10-06T08:30:00-07:00,pending,true
cjob_025,lst_009,campus_ubc_vancouver,TRANSIT,2026-10-06T08:30:00-07:00,pending,true
cjob_026,lst_009,campus_ubc_vancouver,DRIVE,2026-10-06T08:30:00-07:00,pending,true
cjob_027,lst_009,campus_ubc_vancouver,BICYCLE,2026-10-06T08:30:00-07:00,pending,true
cjob_028,lst_010,campus_ubc_vancouver,TRANSIT,2026-10-06T08:30:00-07:00,pending,true
cjob_029,lst_010,campus_ubc_vancouver,DRIVE,2026-10-06T08:30:00-07:00,pending,true
cjob_030,lst_010,campus_ubc_vancouver,BICYCLE,2026-10-06T08:30:00-07:00,pending,true
cjob_031,lst_011,campus_ubc_vancouver,TRANSIT,2026-10-06T08:30:00-07:00,pending,true
cjob_032,lst_011,campus_ubc_vancouver,DRIVE,2026-10-06T08:30:00-07:00,pending,true
cjob_033,lst_011,campus_ubc_vancouver,BICYCLE,2026-10-06T08:30:00-07:00,pending,true
cjob_034,lst_012,campus_ubc_vancouver,TRANSIT,2026-10-06T08:30:00-07:00,pending,true
cjob_035,lst_012,campus_ubc_vancouver,DRIVE,2026-10-06T08:30:00-07:00,pending,true
cjob_036,lst_012,campus_ubc_vancouver,BICYCLE,2026-10-06T08:30:00-07:00,pending,true
