listing_id,source_name,source_listing_ref,is_mock,title,address_display,neighbourhood,latitude,longitude,monthly_rent_cad,bedrooms,bathrooms,square_feet,property_type,furnished,utilities_included,internet_included,parking_monthly_cad,roommate_count,pets_allowed,laundry_in_unit,floor_number,available_date,listing_status,location_precision,data_confidence,last_verified_at
lst_001,Rentals.ca (synthetic fixture),rentals-ca-mock-001,true,Mock Kitsilano Studio,Approximate W 4th Ave,Kitsilano,49.2678,-123.1681,1480,0,1,430,apartment,false,"heat|water",false,0,0,false,true,3,2026-10-01,available,neighbourhood,fixture,2026-09-26T00:00:00Z
lst_002,Rentals.ca (synthetic fixture),rentals-ca-mock-002,true,Mock Point Grey One Bedroom,Approximate W Broadway,Point Grey,49.2641,-123.1837,1690,1,1,540,apartment,false,"heat|water",false,90,0,false,true,2,2026-10-01,available,neighbourhood,fixture,2026-09-26T00:00:00Z
lst_003,Rentals.ca (synthetic fixture),rentals-ca-mock-003,true,Mock Dunbar Shared Two Bedroom,Approximate Dunbar St,Dunbar,49.2515,-123.1850,2380,2,1,760,apartment,false,"heat|water",true,70,1,true,true,1,2026-10-15,available,neighbourhood,fixture,2026-09-26T00:00:00Z
lst_004,Rentals.ca (synthetic fixture),rentals-ca-mock-004,true,Mock Kerrisdale Garden Suite,Approximate W 41st Ave,Kerrisdale,49.2343,-123.1556,1825,1,1,590,secondary_suite,true,"heat|water|electricity",true,0,0,false,true,0,2026-10-01,available,approximate,fixture,2026-09-26T00:00:00Z
lst_005,Rentals.ca (synthetic fixture),rentals-ca-mock-005,true,Mock Fairview One Bedroom,Approximate W 12th Ave,Fairview,49.2612,-123.1284,2050,1,1,590,apartment,false,"heat|water",false,125,0,true,true,6,2026-10-01,available,neighbourhood,fixture,2026-09-26T00:00:00Z
lst_006,Rentals.ca (synthetic fixture),rentals-ca-mock-006,true,Mock Mount Pleasant Room,Approximate Main St,Mount Pleasant,49.2551,-123.1010,1195,1,1,180,room,false,"heat|water|electricity",true,0,2,false,true,2,2026-10-01,available,neighbourhood,fixture,2026-09-26T00:00:00Z
lst_007,Rentals.ca (synthetic fixture),rentals-ca-mock-007,true,Mock Downtown Micro Studio,Approximate Davie St,Downtown Vancouver,49.2773,-123.1303,1795,0,1,360,apartment,true,"heat|water",true,150,0,false,true,12,2026-10-01,available,neighbourhood,fixture,2026-09-26T00:00:00Z
lst_008,Rentals.ca (synthetic fixture),rentals-ca-mock-008,true,Mock Olympic Village Two Bedroom,Approximate Manitoba St,Olympic Village,49.2702,-123.1087,2860,2,2,790,apartment,false,"heat|water",false,175,1,true,true,8,2026-10-15,available,neighbourhood,fixture,2026-09-26T00:00:00Z
lst_009,Rentals.ca (synthetic fixture),rentals-ca-mock-009,true,Mock Marpole One Bedroom,Approximate Granville St,Marpole,49.2107,-123.1399,1525,1,1,510,apartment,false,"heat|water",false,60,0,false,false,3,2026-10-01,available,neighbourhood,fixture,2026-09-26T00:00:00Z
lst_010,Rentals.ca (synthetic fixture),rentals-ca-mock-010,true,Mock Joyce Collingwood Shared Room,Approximate Joyce St,Renfrew-Collingwood,49.2402,-123.0324,1025,1,1,160,room,true,"heat|water|electricity",true,0,3,false,true,4,2026-10-01,available,neighbourhood,fixture,2026-09-26T00:00:00Z
lst_011,Rentals.ca (synthetic fixture),rentals-ca-mock-011,true,Mock West End One Bedroom,Approximate Denman St,West End,49.2915,-123.1342,1980,1,1,525,apartment,false,"heat|water",false,120,0,true,true,9,2026-11-01,available,neighbourhood,fixture,2026-09-26T00:00:00Z
lst_012,Rentals.ca (synthetic fixture),rentals-ca-mock-012,true,Mock Commercial Drive Two Bedroom,Approximate Commercial Dr,Grandview-Woodland,49.2770,-123.0707,2480,2,1,720,apartment,false,"heat|water",true,80,1,true,true,2,2026-10-15,available,neighbourhood,fixture,2026-09-26T00:00:00Z
